<?xml version="1.0" encoding="utf-8"?>
<extension version="3.1" type="plugin" group="system" method="upgrade">
	<name>noextlinks</name>
	<author>Buyanov Danila</author>
	<creationDate>01 August 2012</creationDate>
	<copyright>Copyright (C) 2005 - 2017 Buyanov Danila. All rights reserved.</copyright>
	<license>GNU/GPL v2 or later http://www.gnu.org/licenses/gpl-2.0.html</license>
	<authorEmail>info@saity74.ru</authorEmail>
	<authorUrl>www.saity74.ru</authorUrl>
	<version>1.8.4</version>
	<description>PLG_NOEXTLINKS_DESC</description>
	<files>
		<filename plugin="noextlinks">noextlinks.php</filename>
	</files>
	<languages folder="language">
		<language tag="en-GB">en-GB/en-GB.plg_system_noextlinks.ini</language>
		<language tag="en-GB">en-GB/en-GB.plg_system_noextlinks.sys.ini</language>
		<language tag="ru-RU">ru-RU/ru-RU.plg_system_noextlinks.ini</language>
		<language tag="ru-RU">ru-RU/ru-RU.plg_system_noextlinks.sys.ini</language>
	</languages>
	<config>
		<fields name="params">
			<fieldset name="basic">

				<field name="noindex" type="radio"
					   default="1" class="btn-group btn-group-yesno"
					   description="PLG_SYSTEM_NOEXTLINKS_NOINDEX_DESC"
					   label="PLG_SYSTEM_NOEXTLINKS_NOINDEX_LABEL"
				>
					<option value="0">JNO</option>
					<option value="1">JYES</option>
				</field>
				<field name="nofollow" type="radio"
					   default="nofollow" class="btn-group btn-group-yesno"
					   description="PLG_SYSTEM_NOEXTLINKS_NOFOLLOW_DESC"
					   label="PLG_SYSTEM_NOEXTLINKS_NOFOLLOW_LABEL"
				>
					<option value="">JNO</option>
					<option value="nofollow">JYES</option>
				</field>
				<field name="settitle" type="radio"
					   default="1" class="btn-group btn-group-yesno"
					   description="PLG_SYSTEM_NOEXTLINKS_SETTITLE_DESC"
					   label="PLG_SYSTEM_NOEXTLINKS_SETTITLE_LABEL"
				>
					<option value="0">JNO</option>
					<option value="1">JYES</option>
				</field>
				<field name="blank" type="list"
					   default="_blank"
					   description="PLG_SYSTEM_NOEXTLINKS_BLANK_DESC"
					   label="PLG_SYSTEM_NOEXTLINKS_BLANK_LABEL"
				>
					<option value="0">JNO</option>
					<option value="_blank">_blank</option>
				</field>
				<field
						name="replace_anchor"
						type="radio"
						default="0"
						class="btn-group btn-group-yesno"
						description="PLG_SYSTEM_NOEXTLINKS_REPLACE_ANCHOR_DESC"
						label="PLG_SYSTEM_NOEXTLINKS_REPLACE_ANCHOR_LABEL"
				>
					<option value="0">JNO</option>
					<option value="1">JYES</option>
				</field>

				<field
						name="replace_anchor_host"
						type="radio"
						default="0"
						class="btn-group btn-group-yesno"
						description="PLG_SYSTEM_NOEXTLINKS_REPLACE_ANCHOR_HOST_DESC"
						label="PLG_SYSTEM_NOEXTLINKS_REPLACE_ANCHOR_HOST_LABEL"
						showon="replace_anchor:1"
				>
					<option value="0">JNO</option>
					<option value="1">JYES</option>
				</field>

				<field
						name="absolutize"
						type="radio"
						default="0"
						class="btn-group btn-group-yesno"
						description="PLG_SYSTEM_NOEXTLINKS_ABSOLUTIZE_DESC"
						label="PLG_SYSTEM_NOEXTLINKS_ABSOLUTIZE_LABEL"
				>
					<option value="0">JNO</option>
					<option value="1">JYES</option>
				</field>

				<field name="usejs" type="radio"
					   default="0" class="btn-group btn-group-yesno"
					   description="PLG_SYSTEM_NOEXTLINKS_USEJS_DESC"
					   label="PLG_SYSTEM_NOEXTLINKS_USEJS_LABEL"
				>
					<option value="0">JNO</option>
					<option value="1">JYES</option>
				</field>

				<field name="excluded_domains"
					   type="repeatable"
					   icon="list"
					   description="PLG_SYSTEM_NOEXTLINKS_EXCLUDED_DOMAINS_DESC"
					   label="PLG_SYSTEM_NOEXTLINKS_EXCLUDED_DOMAINS_LABEL"
					   default=''>
					<fieldset hidden="true" name="excluded_domains_modal" repeat="true">
						<field name="scheme"
							   label="PLG_SYSTEM_NOEXTLINKS_EXCLUDED_DOMAINS_SCHEME_LABEL"
							   description="PLG_SYSTEM_NOEXTLINKS_EXCLUDED_DOMAINS_SCHEME_DESC"
							   type="list"
						>
							<option value="">JALL</option>
							<option value="http">HTTP</option>
							<option value="https">HTTPS</option>
						</field>
						<field name="host"
							   label="PLG_SYSTEM_NOEXTLINKS_EXCLUDED_DOMAINS_HOST_LABEL"
							   description="PLG_SYSTEM_NOEXTLINKS_EXCLUDED_DOMAINS_HOST_DESC"
							   require="true"
							   type="text"
						/>
						<field name="path"
							   label="PLG_SYSTEM_NOEXTLINKS_EXCLUDED_DOMAINS_PATH_LABEL"
							   description="PLG_SYSTEM_NOEXTLINKS_EXCLUDED_DOMAINS_PATH_DESC"
							   type="text"
						/>
					</fieldset>
				</field>

				<field name="removed_domains"
					   type="repeatable"
					   icon="list"
					   description="PLG_SYSTEM_NOEXTLINKS_REMOVED_DOMAINS_DESC"
					   label="PLG_SYSTEM_NOEXTLINKS_REMOVED_DOMAINS_LABEL"
					   default=''>
					<fieldset hidden="true" name="removed_domains_modal" repeat="true">
						<field name="host"
							   label="PLG_SYSTEM_NOEXTLINKS_REMOVED_DOMAINS_HOST_LABEL"
							   description="PLG_SYSTEM_NOEXTLINKS_REMOVED_DOMAINS_HOST_DESC"
							   require="true"
							   type="text"
							   pattern="^(?:[\w\-]+\.)+\w+$"
						/>
					</fieldset>
				</field>

				<field
						name="use_redirect_page"
						type="radio"
						default="0"
						class="btn-group btn-group-yesno"
						description="PLG_SYSKS_USE_REDIRECT_PAGE_DESC"
						label="PLG_SYSTEM_NOEXTLINKS_USE_REDIRECT_PAGE_LABEL"
				>
					<option value="0">JNO</option>
					<option value="1">JYES</option>
				</field>

				<field
						name="redirect_page"
						type="menuitem"
						label="PLG_SYSTEM_NOEXTLINKS_REDIRECT_PAGE_LABEL"
						description="PLG_SYSTEM_NOEXTLINKS_REDIRECT_PAGE_DESC"
						multiple="false"
						showon="use_redirect_page:1"
						disable="separator,alias,heading"
				/>

				<field name="redirect_timeout"
					   type="number"
					   label="PLG_SYSTEM_NOEXTLINKS_REDIRECT_TIMEOUT_LABEL"
					   description="PLG_SYSTEM_NOEXTLINKS_REDIRECT_TIMEOUT_DESC"
					   class="inputbox"
					   showon="use_redirect_page:1"
					   default="5"
				/>

				<field
						name="excluded_menu"
						type="menuitem"
						label="PLG_SYSTEM_NOEXTLINKS_EXLUDED_MENU_ITEMS_LABEL"
						description="PLG_SYSTEM_NOEXTLINKS_EXLUDED_MENU_ITEMS_DESC"
						multiple="true"
						disable="separator,alias,heading,url"
				/>

				<field
						name="excluded_category_list"
						type="category"
						label="PLG_SYSTEM_NOEXTLINKS_EXLUDED_CATEGORIES_LABEL"
						description="PLG_SYSTEM_NOEXTLINKS_EXLUDED_CATEGORIES_DESC"
						extension="com_content"
						multiple="true"
				/>

				<field name="excluded_articles"
                       type="textarea"
					   label="PLG_SYSTEM_NOEXTLINKS_EXLUDED_ARTICLES_LABEL"
                       description="PLG_SYSTEM_NOEXTLINKS_EXLUDED_ARTICLES_DESC"
					   class="inputbox"
                       rows="2"
                       cols="30"
                />
			</fieldset>

			<fieldset name="deprecated">
				<field name="excluded_menu_items"
                       type="textarea"
					   label="PLG_SYSTEM_NOEXTLINKS_EXLUDED_MENU_ITEMS_LABEL"
					   description="PLG_SYSTEM_NOEXTLINKS_EXLUDED_MENU_ITEMS_DESC"
					   class="inputbox"
					   rows="2"
					   cols="30"
                />

				<field name="excluded_categories"
                       type="textarea"
					   label="PLG_SYSTEM_NOEXTLINKS_EXLUDED_CATEGORIES_LABEL"
					   description="PLG_SYSTEM_NOEXTLINKS_EXLUDED_CATEGORIES_DESC"
					   class="inputbox"
					   rows="2"
					   cols="30"
                />

				<field name="whitelist" type="textarea"
					   label="PLG_SYSTEM_NOEXTLINKS_WHITELIST_LABEL"
                       description="PLG_SYSTEM_NOEXTLINKS_WHITELIST_DESC"
					   class="inputbox"
                       rows="3"
                       cols="30"
                />
			</fieldset>
		</fields>
	</config>
	<updateservers>
		<server type="extension" name="Saity74 LLC - GitLab">https://gitlab.s74.org/joomla/extensions/raw/master/plg_noextlinks/update.xml</server>
	</updateservers>
</extension>
